{"ENTITY_ID":5,"tables":[{"id":"edcea6fa-f66e-4399-9910-b063e1ce735d","position":{"x":545,"y":108},"data":{"table_name":"Aluno","fields":[{"fieldName":"id","fieldType":2,"isPK":true,"isNotNull":false,"isUnique":false,"defaultValue":"","args":"","isAutoIncrement":true},{"fieldName":"nome","fieldType":10,"isPK":false,"isNotNull":true,"isUnique":false,"defaultValue":"","args":["512"],"isAutoIncrement":false},{"fieldName":"datanasc","fieldType":7,"isPK":false,"isNotNull":false,"isUnique":false,"defaultValue":"","args":"","isAutoIncrement":false},{"fieldName":"grau","fieldType":2,"isPK":false,"isNotNull":false,"isUnique":false,"defaultValue":"","args":"","isAutoIncrement":false},{"fieldName":"horasemanais","fieldType":2,"isPK":false,"isNotNull":false,"isUnique":false,"defaultValue":"","args":"","isAutoIncrement":false},{"fieldName":"numaulas","fieldType":2,"isPK":false,"isNotNull":false,"isUnique":false,"defaultValue":"","args":"","isAutoIncrement":false}],"next_id":7,"checkName":[],"checkCondition":[]}},{"id":"c33f4d06-2c41-445e-983b-c5a40577e5d7","position":{"x":-100,"y":126},"data":{"table_name":"Professor","fields":[{"fieldName":"id","fieldType":2,"isPK":true,"isNotNull":false,"isUnique":false,"defaultValue":"","args":"","isAutoIncrement":true},{"fieldName":"nome","fieldType":10,"isPK":false,"isNotNull":true,"isUnique":false,"defaultValue":"","args":["512"],"isAutoIncrement":false},{"fieldName":"datanasc","fieldType":7,"isPK":false,"isNotNull":false,"isUnique":false,"defaultValue":"","args":"","isAutoIncrement":false},{"fieldName":"nacionalidade","fieldType":10,"isPK":false,"isNotNull":false,"isUnique":false,"defaultValue":"","args":["512"],"isAutoIncrement":false}],"next_id":5,"checkName":[],"checkCondition":[]}},{"id":"a96614be-f40e-45b8-aca6-0bdfb331ff06","position":{"x":228,"y":268},"data":{"table_name":"Tipodanca","fields":[{"fieldName":"id","fieldType":2,"isPK":true,"isNotNull":false,"isUnique":false,"defaultValue":"","args":"","isAutoIncrement":false},{"fieldName":"nome","fieldType":10,"isPK":false,"isNotNull":true,"isUnique":false,"defaultValue":"","args":["512"],"isAutoIncrement":false},{"fieldName":"graudificuldade","fieldType":2,"isPK":false,"isNotNull":false,"isUnique":false,"defaultValue":"","args":"","isAutoIncrement":false},{"fieldName":"horas","fieldType":2,"isPK":false,"isNotNull":false,"isUnique":false,"defaultValue":"","args":"","isAutoIncrement":false}],"next_id":4,"checkName":[],"checkCondition":[]}},{"id":"6f21b028-8a34-40d6-a649-3235f53f9543","position":{"x":225,"y":444},"data":{"table_name":"Estudios","fields":[{"fieldName":"id","fieldType":2,"isPK":true,"isNotNull":false,"isUnique":false,"defaultValue":"","args":"","isAutoIncrement":false},{"fieldName":"nome","fieldType":10,"isPK":false,"isNotNull":false,"isUnique":false,"defaultValue":"","args":["512"],"isAutoIncrement":false},{"fieldName":"capacidade","fieldType":2,"isPK":false,"isNotNull":false,"isUnique":false,"defaultValue":"","args":"","isAutoIncrement":false}],"next_id":4,"checkName":[],"checkCondition":[]}},{"id":"c4f5b0e9-5a82-4613-9a24-1637a8daf358","position":{"x":220,"y":-32},"data":{"table_name":"Espetaculos","fields":[{"fieldName":"id","fieldType":2,"isPK":true,"isNotNull":false,"isUnique":false,"defaultValue":"","args":"","isAutoIncrement":false},{"fieldName":"nome","fieldType":10,"isPK":false,"isNotNull":true,"isUnique":false,"defaultValue":"","args":["512"],"isAutoIncrement":false},{"fieldName":"sitio","fieldType":10,"isPK":false,"isNotNull":false,"isUnique":false,"defaultValue":"","args":["512"],"isAutoIncrement":false},{"fieldName":"duracaomin","fieldType":2,"isPK":false,"isNotNull":false,"isUnique":false,"defaultValue":"","args":"","isAutoIncrement":false},{"fieldName":"nrdancas","fieldType":2,"isPK":false,"isNotNull":false,"isUnique":false,"defaultValue":"","args":"","isAutoIncrement":false}],"next_id":5,"checkName":[],"checkCondition":[]}}],"links":[{"source":"c33f4d06-2c41-445e-983b-c5a40577e5d7","target":"a96614be-f40e-45b8-aca6-0bdfb331ff06","order":"normal","sourceCard":"1:1","targetCard":"1:n","label":"ensinada","hierType":null,"sourceisweak":false,"targetisweak":false},{"source":"edcea6fa-f66e-4399-9910-b063e1ce735d","target":"a96614be-f40e-45b8-aca6-0bdfb331ff06","order":"normal","sourceCard":"1:n","targetCard":"1:1","label":"pratica","hierType":null,"sourceisweak":false,"targetisweak":false},{"source":"6f21b028-8a34-40d6-a649-3235f53f9543","target":"a96614be-f40e-45b8-aca6-0bdfb331ff06","order":"normal","sourceCard":"1:1","targetCard":"1:n","label":"tem","hierType":null,"sourceisweak":false,"targetisweak":false},{"source":"edcea6fa-f66e-4399-9910-b063e1ce735d","target":"c4f5b0e9-5a82-4613-9a24-1637a8daf358","order":"normal","sourceCard":"1:n","targetCard":"1:1","label":"participa","hierType":null,"sourceisweak":false,"targetisweak":false},{"source":"c33f4d06-2c41-445e-983b-c5a40577e5d7","target":"c4f5b0e9-5a82-4613-9a24-1637a8daf358","order":"normal","sourceCard":"1:n","targetCard":"1:1","label":"produz","hierType":null,"sourceisweak":false,"targetisweak":false}],"normalization":1,"database":0}